YEAR,ST_CASE,VEH_NO,A_BODY,A_IMP1,A_IMP2,A_VROLL,A_LIC_S,A_LIC_C,A_CDL_S,A_MC_L_S,A_SPVEH,A_SBUS,A_MOD_YR,A_DRDIS,A_DRDRO
2015,430001,1,Passenger Car,Front,0,No Rollover,Valid,Valid,Invalid,Not Applicable,Speed Involved,Other Body Type,2001,Other,Other
2015,430001,2,Light Truck - Pickup,Front,0,No Rollover,Valid,Valid,Invalid,Not Applicable,No Speed Involved,Other Body Type,2013,Other,Other
2015,430002,1,Passenger Car,Front,0,No Rollover,Valid,Valid,Invalid,Not Applicable,No Speed Involved,Other Body Type,2006,Other,Other
2015,430003,1,Passenger Car,Front,0,No Rollover,Unknown,Unknown,Unknown,Not Applicable,No Speed Involved,Other Body Type,9999,Other,Other
2015,430004,1,Light Truck - Pickup,Right Side,0,No Rollover,Valid,Valid,Invalid,Not Applicable,Speed Involved,Other Body Type,2008,Other,Other
2015,430007,1,Light Truck - Pickup,Front,0,No Rollover,Valid,Valid,Invalid,Not Applicable,No Speed Involved,Other Body Type,2008,Other,Other
2015,430008,1,Passenger Car,Front,0,No Rollover,Unknown,Unknown,Unknown,Not Applicable,Speed Involved,Other Body Type,2003,Other,Other
2015,430009,1,Passenger Car,Front,0,No Rollover,Invalid,Invalid,Invalid,Not Applicable,Speed Involved,Other Body Type,2005,Other,Other
2015,430009,2,Large Truck,Rear,0,No Rollover,Valid,Valid,Invalid,Not Applicable,No Speed Involved,Other Body Type,2005,Other,Other
2015,430010,1,Light Truck - Utility,Front,0,No Rollover,Valid,Valid,Invalid,Not Applicable,No Speed Involved,Other Body Type,2015,Other,Other
2015,430010,2,Passenger Car,Left Side,0,No Rollover,Valid,Valid,Invalid,Not Applicable,No Speed Involved,Other Body Type,1983,Other,Other
2015,430011,1,Passenger Car,Left Side,0,No Rollover,Valid,Valid,Invalid,Not Applicable,No Speed Involved,Other Body Type,1997,Other,Other
2015,430011,2,Motorcycle,Right Side,0,No Rollover,Not Applicable,Valid,Invalid,Valid,No Speed Involved,Other Body Type,2005,Other,Other
2015,430012,1,Passenger Car,Front,0,No Rollover,Valid,Valid,Invalid,Not Applicable,No Speed Involved,Other Body Type,2012,Other,Other
2015,430012,2,Passenger Car,Front,0,No Rollover,Valid,Valid,Invalid,Not Applicable,No Speed Involved,Other Body Type,1998,Other,Other
2015,430013,1,Light Truck - Utility,Left Side,0,No Rollover,Valid,Valid,Invalid,Not Applicable,No Speed Involved,Other Body Type,2011,Other,Other
2015,430014,1,Light Truck - Utility,Front,0,No Rollover,Valid,Valid,Invalid,Not Applicable,No Speed Involved,Other Body Type,2011,Other,Other
2015,430015,1,Passenger Car,Front,0,No Rollover,Invalid,Invalid,Invalid,Not Applicable,No Speed Involved,Other Body Type,1990,Other,Other
2015,430016,1,Passenger Car,Front,0,No Rollover,Valid,Valid,Invalid,Not Applicable,No Speed Involved,Other Body Type,2009,Other,Other
2015,430016,2,Passenger Car,Front,0,No Rollover,Valid,Valid,Invalid,Not Applicable,No Speed Involved,Other Body Type,1996,Other,Other
2015,430016,3,Passenger Car,Front,0,No Rollover,Valid,Valid,Invalid,Not Applicable,No Speed Involved,Other Body Type,1998,Other,Other
2015,430017,1,Motorcycle,Front,0,No Rollover,Not Applicable,Invalid,Invalid,Invalid,Speed Involved,Other Body Type,2005,Other,Other
2015,430017,2,Passenger Car,Front,0,No Rollover,Valid,Valid,Invalid,Not Applicable,No Speed Involved,Other Body Type,2011,Other,Other
2015,430018,1,Other/Unknown,Front,0,No Rollover,Unknown,Unknown,Unknown,Not Applicable,No Speed Involved,Other Body Type,9999,Other,Other
2015,430018,2,Motorcycle,Left Side,0,No Rollover,Not Applicable,Valid,Invalid,Valid,No Speed Involved,Other Body Type,2002,Other,Other
2015,430019,1,Large Truck,Right Side,0,No Rollover,Valid,Valid,Invalid,Not Applicable,No Speed Involved,Other Body Type,2003,Other,Other
2015,430019,2,Passenger Car,Front,0,No Rollover,Valid,Valid,Invalid,Not Applicable,No Speed Involved,Other Body Type,1996,Other,Other
2015,430020,1,Passenger Car,Front,0,No Rollover,Valid,Valid,Invalid,Not Applicable,Speed Involved,Other Body Type,1981,Other,Other
2015,430020,2,Light Truck - Pickup,Front,0,No Rollover,Valid,Valid,Invalid,Not Applicable,No Speed Involved,Other Body Type,2001,Other,Other
2015,430021,1,Passenger Car,Right Side,0,No Rollover,Valid,Valid,Invalid,Not Applicable,No Speed Involved,Other Body Type,2013,Other,Other
2015,430021,2,Motorcycle,Front,0,No Rollover,Not Applicable,Invalid,Invalid,Invalid,No Speed Involved,Other Body Type,2001,Other,Other
2015,430022,1,Motorcycle,Front,0,No Rollover,Not Applicable,Valid,Invalid,Valid,No Speed Involved,Other Body Type,2014,Other,Other
2015,430022,2,Passenger Car,Front,0,No Rollover,Valid,Valid,Invalid,Not Applicable,No Speed Involved,Other Body Type,2007,Other,Other
2015,430023,1,Passenger Car,Left Side,0,No Rollover,Valid,Valid,Invalid,Not Applicable,No Speed Involved,Other Body Type,2007,Other,Other
2015,430024,1,Passenger Car,Front,0,No Rollover,Valid,Valid,Invalid,Not Applicable,No Speed Involved,Other Body Type,2004,Other,Other
2015,430025,1,Passenger Car,Left Side,0,No Rollover,Valid,Valid,Invalid,Not Applicable,No Speed Involved,Other Body Type,1993,Other,Other
2015,430025,2,Passenger Car,Right Side,0,No Rollover,Valid,Valid,Invalid,Not Applicable,No Speed Involved,Other Body Type,2008,Other,Other
2015,430026,1,Other/Unknown,Front,0,No Rollover,Unknown,Unknown,Unknown,Not Applicable,No Speed Involved,Other Body Type,9999,Other,Other
2015,430027,1,Light Truck - Pickup,Front,0,No Rollover,Valid,Valid,Invalid,Not Applicable,No Speed Involved,Other Body Type,1999,Other,Other
2015,430028,1,Motorcycle,Non-Collision,0,No Rollover,Not Applicable,Valid,Invalid,Valid,Speed Involved,Other Body Type,2014,Other,Other
2015,430029,1,Passenger Car,Front,0,No Rollover,Valid,Valid,Invalid,Not Applicable,No Speed Involved,Other Body Type,1994,Other,Other
2015,430030,1,Passenger Car,Right Side,0,No Rollover,Valid,Valid,Invalid,Not Applicable,No Speed Involved,Other Body Type,1997,Other,Other
2015,430030,2,Passenger Car,Front,0,No Rollover,Valid,Valid,Invalid,Not Applicable,No Speed Involved,Other Body Type,1996,Other,Other
2015,430031,1,Light Truck - Utility,Front,0,No Rollover,Valid,Valid,Invalid,Not Applicable,Speed Involved,Other Body Type,2011,Other,Other
2015,430031,2,Passenger Car,Rear,0,No Rollover,Valid,Valid,Invalid,Not Applicable,No Speed Involved,Other Body Type,1999,Other,Other
2015,430032,1,Light Truck - Van,Front,0,No Rollover,Valid,Valid,Invalid,Not Applicable,No Speed Involved,Other Body Type,1998,Other,Other
2015,430032,2,Motorcycle,Front,0,No Rollover,Not Applicable,Valid,Invalid,Valid,No Speed Involved,Other Body Type,1996,Other,Other
2015,430033,1,Motorcycle,Front,0,No Rollover,Not Applicable,Valid,Invalid,Valid,Speed Involved,Other Body Type,2005,Other,Other
2015,430034,1,Passenger Car,Front,0,Rollover,Valid,Invalid,Invalid,Not Applicable,Speed Involved,Other Body Type,2002,Other,Other
2015,430035,1,Light Truck - Pickup,Front,0,No Rollover,Valid,Valid,Invalid,Not Applicable,No Speed Involved,Other Body Type,1995,Other,Other
2015,430036,1,Passenger Car,Front,0,No Rollover,Valid,Valid,Invalid,Not Applicable,No Speed Involved,Other Body Type,2009,Other,Other
2015,430037,1,Passenger Car,Non-Collision,0,Rollover,Invalid,Invalid,Invalid,Not Applicable,No Speed Involved,Other Body Type,1998,Other,Other
2015,430038,1,Passenger Car,Front,0,No Rollover,Valid,Valid,Invalid,Not Applicable,No Speed Involved,Other Body Type,2013,Other,Other
2015,430039,1,Passenger Car,Front,0,No Rollover,Unknown,Unknown,Unknown,Not Applicable,Speed Involved,Other Body Type,1996,Other,Other
2015,430040,1,Light Truck - Utility,Front,0,No Rollover,Valid,Valid,Invalid,Not Applicable,Speed Involved,Other Body Type,2003,Other,Other
2015,430041,1,Passenger Car,Front,0,No Rollover,Valid,Valid,Invalid,Not Applicable,No Speed Involved,Other Body Type,2007,Other,Other
2015,430041,2,Passenger Car,Left Side,0,No Rollover,Valid,Valid,Invalid,Not Applicable,No Speed Involved,Other Body Type,2009,Other,Other
2015,430042,1,Passenger Car,Front,0,No Rollover,Valid,Valid,Invalid,Not Applicable,Speed Involved,Other Body Type,2012,Other,Other
2015,430043,1,Passenger Car,Front,0,No Rollover,Invalid,Invalid,Invalid,Not Applicable,Speed Involved,Other Body Type,1998,Other,Other
2015,430044,1,Motorcycle,Right Side,0,No Rollover,Not Applicable,Valid,Invalid,Valid,Speed Involved,Other Body Type,2003,Other,Other
2015,430045,1,Passenger Car,Rear,0,No Rollover,Valid,Valid,Invalid,Not Applicable,No Speed Involved,Other Body Type,1993,Other,Other
2015,430046,1,Passenger Car,Left Side,0,No Rollover,Valid,Valid,Invalid,Not Applicable,No Speed Involved,Other Body Type,2015,Other,Other
2015,430046,2,Light Truck - Pickup,Front,0,No Rollover,Invalid,Invalid,Invalid,Not Applicable,No Speed Involved,Other Body Type,2011,Other,Other
2015,430047,1,Passenger Car,Front,0,No Rollover,Valid,Valid,Invalid,Not Applicable,No Speed Involved,Other Body Type,1996,Other,Other
2015,430047,2,Light Truck - Utility,Front,0,No Rollover,Valid,Valid,Invalid,Not Applicable,No Speed Involved,Other Body Type,1999,Other,Other
2015,430048,1,Motorcycle,Front,0,No Rollover,Not Applicable,Invalid,Invalid,Invalid,No Speed Involved,Other Body Type,2005,Other,Other
2015,430048,2,Light Truck - Utility,Front,0,No Rollover,Valid,Valid,Invalid,Not Applicable,No Speed Involved,Other Body Type,1974,Other,Other
2015,430048,3,Passenger Car,Front,0,No Rollover,Valid,Valid,Invalid,Not Applicable,No Speed Involved,Other Body Type,2015,Other,Other
2015,430049,1,Large Truck,Front,0,No Rollover,Valid,Valid,Invalid,Not Applicable,Speed Involved,Other Body Type,2000,Other,Other
2015,430049,2,Passenger Car,Rear,0,No Rollover,Valid,Valid,Invalid,Not Applicable,No Speed Involved,Other Body Type,2009,Other,Other
2015,430050,1,Passenger Car,Front,0,No Rollover,Valid,Valid,Invalid,Not Applicable,No Speed Involved,Other Body Type,2009,Other,Other
2015,430051,1,Large Truck,Rear,0,No Rollover,Valid,Valid,Invalid,Not Applicable,No Speed Involved,Other Body Type,2015,Other,Other
2015,430052,1,Passenger Car,Front,0,Rollover,Valid,Valid,Invalid,Not Applicable,Speed Involved,Other Body Type,2003,Other,Other
2015,430053,1,Passenger Car,Front,0,No Rollover,Valid,Valid,Invalid,Not Applicable,No Speed Involved,Other Body Type,2001,Other,Other
2015,430054,1,Passenger Car,Front,0,No Rollover,Valid,Valid,Invalid,Not Applicable,Speed Involved,Other Body Type,2005,Other,Other
2015,430054,2,Large Truck,Rear,0,No Rollover,Valid,Valid,Invalid,Not Applicable,No Speed Involved,Other Body Type,1989,Other,Other
2015,430055,1,Passenger Car,Front,0,No Rollover,Valid,Valid,Invalid,Not Applicable,No Speed Involved,Other Body Type,2005,Other,Other
2015,430056,1,Passenger Car,Right Side,0,No Rollover,Valid,Valid,Invalid,Not Applicable,No Speed Involved,Other Body Type,2012,Other,Other
2015,430057,1,Passenger Car,Front,0,No Rollover,Valid,Valid,Invalid,Not Applicable,Speed Involved,Other Body Type,2007,Other,Other
2015,430057,2,Passenger Car,Rear,0,No Rollover,Valid,Valid,Invalid,Not Applicable,No Speed Involved,Other Body Type,2009,Other,Other
2015,430058,1,Motorcycle,Left Side,0,No Rollover,Not Applicable,Invalid,Invalid,Invalid,No Speed Involved,Other Body Type,2006,Other,Other
2015,430058,2,Passenger Car,Front,0,No Rollover,Valid,Valid,Invalid,Not Applicable,No Speed Involved,Other Body Type,2005,Other,Other
2015,430059,1,Other/Unknown,Right Side,0,No Rollover,Valid,Invalid,Invalid,Not Applicable,No Speed Involved,Other Body Type,9999,Other,Other
2015,430059,2,Light Truck - Utility,Right Side,0,No Rollover,Valid,Valid,Invalid,Not Applicable,No Speed Involved,Other Body Type,1997,Other,Other
2015,430060,1,Passenger Car,Front,0,No Rollover,Valid,Valid,Invalid,Not Applicable,No Speed Involved,Other Body Type,2014,Other,Other
2015,430061,1,Passenger Car,Front,0,No Rollover,Valid,Valid,Invalid,Not Applicable,No Speed Involved,Other Body Type,1996,Other,Other
2015,430062,1,Passenger Car,Right Side,0,No Rollover,Valid,Valid,Invalid,Not Applicable,No Speed Involved,Other Body Type,1995,Other,Other
2015,430063,1,Light Truck - Utility,Front,0,No Rollover,Valid,Valid,Invalid,Not Applicable,Speed Involved,Other Body Type,2004,Other,Other
2015,430064,1,Light Truck - Van,Front,0,Rollover,Valid,Valid,Invalid,Not Applicable,Speed Involved,Other Body Type,1999,Other,Other
2015,430065,1,Passenger Car,Front,0,No Rollover,Valid,Invalid,Invalid,Not Applicable,Speed Involved,Other Body Type,1994,Other,Other
2015,430066,1,Other/Unknown,Front,0,No Rollover,Invalid,Invalid,Invalid,Not Applicable,No Speed Involved,Other Body Type,9999,Other,Other
2015,430066,2,Light Truck - Pickup,Front,0,No Rollover,Invalid,Invalid,Invalid,Not Applicable,No Speed Involved,Other Body Type,1986,Other,Other
2015,430067,1,Motorcycle,Non-Collision,0,No Rollover,Not Applicable,Valid,Invalid,Valid,Speed Involved,Other Body Type,2014,Other,Other
2015,430068,1,Passenger Car,Left Side,0,No Rollover,Valid,Valid,Invalid,Not Applicable,Speed Involved,Other Body Type,2003,Other,Other
2015,430069,1,Passenger Car,Front,0,No Rollover,Valid,Valid,Invalid,Not Applicable,No Speed Involved,Other Body Type,2008,Other,Other
2015,430071,1,Motorcycle,Front,0,No Rollover,Not Applicable,Valid,Invalid,Valid,Speed Involved,Other Body Type,2007,Other,Other
2015,430072,1,Passenger Car,Front,0,No Rollover,Valid,Invalid,Invalid,Not Applicable,Speed Involved,Other Body Type,2009,Other,Other
2015,430073,1,Passenger Car,Front,0,No Rollover,Valid,Valid,Invalid,Not Applicable,No Speed Involved,Other Body Type,1993,Other,Other
2015,430074,1,Light Truck - Utility,Front,0,No Rollover,Unknown,Unknown,Unknown,Not Applicable,No Speed Involved,Other Body Type,2002,Other,Other
2015,430075,1,Light Truck - Utility,Front,0,No Rollover,Valid,Valid,Invalid,Not Applicable,Speed Involved,Other Body Type,2001,Other,Other
2015,430076,1,Passenger Car,Left Side,0,No Rollover,Unknown,Unknown,Unknown,Not Applicable,No Speed Involved,Other Body Type,2007,Other,Other
2015,430077,1,Motorcycle,Front,0,No Rollover,Not Applicable,Valid,Invalid,Valid,Speed Involved,Other Body Type,2006,Other,Other
2015,430078,1,Other/Unknown,Front,0,No Rollover,Unknown,Unknown,Unknown,Not Applicable,No Speed Involved,Other Body Type,9999,Other,Other
2015,430079,1,Passenger Car,Right Side,0,No Rollover,Valid,Valid,Invalid,Not Applicable,No Speed Involved,Other Body Type,2006,Other,Other
2015,430079,2,Large Truck,Front,0,No Rollover,Valid,Valid,Invalid,Not Applicable,No Speed Involved,Other Body Type,1988,Other,Other
2015,430080,1,Other/Unknown,Front,0,No Rollover,Unknown,Unknown,Unknown,Not Applicable,No Speed Involved,Other Body Type,9999,Other,Other
2015,430081,1,Passenger Car,Front,0,No Rollover,Invalid,Invalid,Invalid,Not Applicable,No Speed Involved,Other Body Type,1997,Other,Other
2015,430081,2,Light Truck - Utility,Front,0,No Rollover,Valid,Valid,Invalid,Not Applicable,No Speed Involved,Other Body Type,1996,Other,Other
2015,430082,1,Passenger Car,Rear,0,Rollover,Valid,Valid,Invalid,Not Applicable,Speed Involved,Other Body Type,2000,Other,Other
2015,430083,1,Motorcycle,Front,0,No Rollover,Not Applicable,Valid,Invalid,Valid,Speed Involved,Other Body Type,2005,Other,Other
2015,430084,1,Other/Unknown,Front,0,No Rollover,Unknown,Unknown,Unknown,Not Applicable,No Speed Involved,Other Body Type,9999,Other,Other
2015,430085,1,Motorcycle,Front,0,No Rollover,Not Applicable,Valid,Invalid,Valid,No Speed Involved,Other Body Type,2006,Other,Other
2015,430086,1,Light Truck - Pickup,Front,0,No Rollover,Valid,Valid,Invalid,Not Applicable,No Speed Involved,Other Body Type,2002,Other,Other
2015,430087,1,Passenger Car,Right Side,0,No Rollover,Valid,Valid,Invalid,Not Applicable,No Speed Involved,Other Body Type,2007,Other,Other
2015,430088,1,Light Truck - Pickup,Left Side,0,No Rollover,Valid,Valid,Invalid,Not Applicable,Speed Involved,Other Body Type,2010,Other,Other
2015,430089,1,Passenger Car,Front,0,No Rollover,Valid,Valid,Invalid,Not Applicable,Speed Involved,Other Body Type,2014,Other,Other
2015,430090,1,Other/Unknown,Front,0,No Rollover,Unknown,Unknown,Unknown,Not Applicable,No Speed Involved,Other Body Type,9999,Other,Other
2015,430091,1,Motorcycle,Non-Collision,0,No Rollover,Not Applicable,Valid,Invalid,Valid,Speed Involved,Other Body Type,2007,Other,Other
2015,430092,1,Motorcycle,Front,0,No Rollover,Not Applicable,Valid,Invalid,Valid,Speed Involved,Other Body Type,2006,Other,Other
2015,430093,1,Passenger Car,Right Side,0,No Rollover,Valid,Valid,Invalid,Not Applicable,No Speed Involved,Other Body Type,2008,Other,Other
2015,430094,1,Passenger Car,Right Side,0,No Rollover,Valid,Valid,Invalid,Not Applicable,Speed Involved,Other Body Type,1992,Other,Other
2015,430095,1,Passenger Car,Front,0,No Rollover,Valid,Valid,Invalid,Not Applicable,No Speed Involved,Other Body Type,2004,Other,Other
2015,430095,2,Motorcycle,Rear,0,No Rollover,Not Applicable,Valid,Invalid,Valid,No Speed Involved,Other Body Type,1987,Other,Other
2015,430096,1,Other/Unknown,Front,0,No Rollover,Unknown,Unknown,Unknown,Not Applicable,No Speed Involved,Other Body Type,9999,Other,Other
2015,430097,1,Passenger Car,Right Side,0,No Rollover,Valid,Valid,Invalid,Not Applicable,No Speed Involved,Other Body Type,1997,Other,Other
2015,430097,2,Passenger Car,Front,0,No Rollover,Valid,Valid,Invalid,Not Applicable,No Speed Involved,Other Body Type,2009,Other,Other
2015,430098,1,Light Truck - Pickup,Front,0,No Rollover,Valid,Valid,Invalid,Not Applicable,No Speed Involved,Other Body Type,2004,Other,Other
2015,430099,1,Motorcycle,Front,0,No Rollover,Not Applicable,Valid,Invalid,Valid,Speed Involved,Other Body Type,2005,Other,Other
2015,430099,2,Passenger Car,Rear,0,No Rollover,Valid,Valid,Invalid,Not Applicable,No Speed Involved,Other Body Type,2004,Other,Other
2015,430100,1,Light Truck - Utility,Front,0,No Rollover,Valid,Valid,Invalid,Not Applicable,No Speed Involved,Other Body Type,1995,Other,Other
2015,430100,2,Passenger Car,Rear,0,No Rollover,Invalid,Invalid,Invalid,Not Applicable,No Speed Involved,Other Body Type,1989,Other,Other
2015,430101,1,Passenger Car,Front,0,No Rollover,Valid,Valid,Invalid,Not Applicable,No Speed Involved,Other Body Type,2011,Other,Other
2015,430101,2,Passenger Car,Rear,0,No Rollover,Valid,Valid,Invalid,Not Applicable,No Speed Involved,Other Body Type,1995,Other,Other
2015,430102,1,Passenger Car,Front,0,No Rollover,Valid,Valid,Invalid,Not Applicable,No Speed Involved,Other Body Type,2007,Other,Other
2015,430103,1,Motorcycle,Front,0,No Rollover,Not Applicable,Valid,Invalid,Valid,Speed Involved,Other Body Type,1986,Other,Other
2015,430104,1,Light Truck - Utility,Front,0,No Rollover,Valid,Valid,Invalid,Not Applicable,No Speed Involved,Other Body Type,2001,Other,Other
2015,430105,1,Passenger Car,Front,0,No Rollover,Valid,Valid,Invalid,Not Applicable,Speed Involved,Other Body Type,2010,Other,Other
2015,430106,1,Passenger Car,Front,0,No Rollover,Valid,Valid,Invalid,Not Applicable,Speed Involved,Other Body Type,2012,Other,Other
2015,430106,2,Large Truck,Rear,0,No Rollover,Valid,Valid,Invalid,Not Applicable,No Speed Involved,Other Body Type,1994,Other,Other
2015,430107,1,Light Truck - Pickup,Right Side,0,No Rollover,Valid,Valid,Invalid,Not Applicable,No Speed Involved,Other Body Type,2011,Other,Other
2015,430107,2,Other/Unknown,Front,0,No Rollover,Valid,Valid,Invalid,Not Applicable,No Speed Involved,Other Body Type,2003,Other,Other
2015,430108,1,Passenger Car,Front,0,No Rollover,Unknown,Unknown,Unknown,Not Applicable,No Speed Involved,Other Body Type,1995,Other,Other
2015,430109,1,Passenger Car,Front,0,No Rollover,Valid,Valid,Invalid,Not Applicable,No Speed Involved,Other Body Type,2006,Other,Other
2015,430110,1,Other/Unknown,Front,0,No Rollover,Unknown,Unknown,Unknown,Not Applicable,No Speed Involved,Other Body Type,9999,Other,Other
2015,430111,1,Passenger Car,Non-Collision,0,Rollover,Valid,Invalid,Invalid,Not Applicable,Speed Involved,Other Body Type,2010,Other,Other
2015,430112,1,Passenger Car,Right Side,0,No Rollover,Valid,Valid,Invalid,Not Applicable,Speed Involved,Other Body Type,1994,Other,Other
2015,430113,1,Large Truck,Front,0,No Rollover,Valid,Valid,Invalid,Not Applicable,Speed Involved,Other Body Type,2007,Other,Other
2015,430114,1,Other/Unknown,Front,0,No Rollover,Unknown,Unknown,Unknown,Not Applicable,No Speed Involved,Other Body Type,9999,Other,Other
2015,430115,1,Passenger Car,Front,0,No Rollover,Valid,Valid,Invalid,Not Applicable,Speed Involved,Other Body Type,2014,Other,Other
2015,430116,1,Passenger Car,Right Side,0,Rollover,Invalid,Invalid,Invalid,Not Applicable,No Speed Involved,Other Body Type,2014,Other,Other
2015,430117,1,Passenger Car,Front,0,No Rollover,Valid,Valid,Invalid,Not Applicable,No Speed Involved,Other Body Type,2002,Other,Other
2015,430118,1,Light Truck - Utility,Front,0,Rollover,Valid,Invalid,Invalid,Not Applicable,No Speed Involved,Other Body Type,1995,Other,Other
2015,430119,1,Motorcycle,Left Side,0,No Rollover,Not Applicable,Valid,Invalid,Valid,Speed Involved,Other Body Type,2001,Other,Other
2015,430120,1,Motorcycle,Front,0,No Rollover,Not Applicable,Valid,Invalid,Valid,No Speed Involved,Other Body Type,2007,Other,Other
2015,430121,1,Light Truck - Utility,Front,0,No Rollover,Valid,Valid,Invalid,Not Applicable,No Speed Involved,Other Body Type,2008,Other,Other
2015,430122,1,Light Truck - Pickup,Rear,0,No Rollover,Valid,Valid,Invalid,Not Applicable,No Speed Involved,Other Body Type,1982,Other,Other
2015,430123,1,Light Truck - Utility,Right Side,0,Rollover,Valid,Valid,Invalid,Not Applicable,Speed Involved,Other Body Type,2001,Other,Other
2015,430124,1,Light Truck - Utility,Front,0,Rollover,Valid,Valid,Invalid,Not Applicable,Speed Involved,Other Body Type,1999,Other,Other
2015,430125,1,Light Truck - Utility,Right Side,0,No Rollover,Valid,Valid,Invalid,Not Applicable,Speed Involved,Other Body Type,1988,Other,Other
2015,430126,1,Passenger Car,Front,0,No Rollover,Valid,Valid,Invalid,Not Applicable,Speed Involved,Other Body Type,2005,Other,Other
2015,430127,1,Passenger Car,Front,0,No Rollover,Valid,Valid,Invalid,Not Applicable,No Speed Involved,Other Body Type,2015,Other,Other
2015,430128,1,Passenger Car,Left Side,0,No Rollover,Invalid,Invalid,Invalid,Not Applicable,Speed Involved,Other Body Type,1996,Other,Other
2015,430129,1,Motorcycle,Right Side,0,No Rollover,Not Applicable,Valid,Invalid,Valid,Speed Involved,Other Body Type,2003,Other,Other
2015,430129,2,Other/Unknown,Right Side,0,No Rollover,Invalid,Invalid,Invalid,Not Applicable,No Speed Involved,Other Body Type,9999,Other,Other
2015,430130,1,Passenger Car,Left Side,0,No Rollover,Valid,Valid,Invalid,Not Applicable,Speed Involved,Other Body Type,1999,Other,Other
2015,430131,1,Passenger Car,Right Side,0,No Rollover,Valid,Valid,Invalid,Not Applicable,No Speed Involved,Other Body Type,2003,Other,Other
2015,430132,1,Passenger Car,Front,0,Rollover,Valid,Valid,Invalid,Not Applicable,No Speed Involved,Other Body Type,2004,Other,Other
2015,430132,2,Motorcycle,Left Side,0,No Rollover,Not Applicable,Invalid,Invalid,Invalid,No Speed Involved,Other Body Type,2006,Other,Other
2015,430133,1,Light Truck - Pickup,Front,0,Rollover,Valid,Valid,Invalid,Not Applicable,Speed Involved,Other Body Type,2003,Other,Other
2015,430133,2,Light Truck - Utility,Rear,0,No Rollover,Valid,Valid,Invalid,Not Applicable,No Speed Involved,Other Body Type,2008,Other,Other
2015,430134,1,Light Truck - Pickup,Front,0,No Rollover,Valid,Valid,Invalid,Not Applicable,No Speed Involved,Other Body Type,2004,Other,Other
2015,430135,1,Passenger Car,Front,0,No Rollover,Valid,Invalid,Invalid,Not Applicable,No Speed Involved,Other Body Type,1998,Other,Other
2015,430135,2,Light Truck - Utility,Front,0,No Rollover,Valid,Valid,Invalid,Not Applicable,No Speed Involved,Other Body Type,2007,Other,Other
2015,430136,1,Passenger Car,Right Side,0,No Rollover,Valid,Valid,Invalid,Not Applicable,No Speed Involved,Other Body Type,2006,Other,Other
2015,430136,2,Other/Unknown,Front,0,No Rollover,Valid,Valid,Invalid,Not Applicable,No Speed Involved,Other Body Type,9999,Other,Other
2015,430137,1,Passenger Car,Front,0,No Rollover,Valid,Valid,Invalid,Not Applicable,No Speed Involved,Other Body Type,2000,Other,Other
2015,430137,2,Passenger Car,Front,0,No Rollover,Valid,Valid,Invalid,Not Applicable,No Speed Involved,Other Body Type,2009,Other,Other
2015,430138,1,Passenger Car,Right Side,0,No Rollover,Valid,Valid,Invalid,Not Applicable,Speed Involved,Other Body Type,2009,Other,Other
2015,430139,1,Passenger Car,Right Side,0,No Rollover,Valid,Valid,Invalid,Not Applicable,Speed Involved,Other Body Type,2007,Other,Other
2015,430139,2,Motorcycle,Front,0,No Rollover,Not Applicable,Invalid,Invalid,Invalid,No Speed Involved,Other Body Type,2001,Other,Other
2015,430140,1,Passenger Car,Front,0,No Rollover,Valid,Valid,Invalid,Not Applicable,No Speed Involved,Other Body Type,2009,Other,Other
2015,430141,1,Light Truck - Utility,Non-Collision,0,No Rollover,Valid,Valid,Invalid,Not Applicable,No Speed Involved,Other Body Type,2011,Other,Other
2015,430142,1,Passenger Car,Left Side,0,No Rollover,Valid,Valid,Invalid,Not Applicable,Speed Involved,Other Body Type,2012,Other,Other
2015,430143,1,Light Truck - Van,Right Side,0,No Rollover,Valid,Valid,Invalid,Not Applicable,No Speed Involved,Other Body Type,2009,Other,Other
2015,430144,1,Motorcycle,Front,0,No Rollover,Not Applicable,Valid,Invalid,Valid,Speed Involved,Other Body Type,2002,Other,Other
2015,430145,1,Passenger Car,Front,0,No Rollover,Valid,Valid,Invalid,Not Applicable,No Speed Involved,Other Body Type,1999,Other,Other
2015,430145,2,Passenger Car,Front,0,No Rollover,Valid,Valid,Invalid,Not Applicable,No Speed Involved,Other Body Type,2004,Other,Other
2015,430146,1,Light Truck - Utility,Front,0,No Rollover,Valid,Valid,Invalid,Not Applicable,No Speed Involved,Other Body Type,1994,Other,Other
2015,430147,1,Passenger Car,Front,0,No Rollover,Invalid,Invalid,Invalid,Not Applicable,Speed Involved,Other Body Type,1996,Other,Other
2015,430148,1,Other/Unknown,Front,0,No Rollover,Unknown,Unknown,Unknown,Not Applicable,No Speed Involved,Other Body Type,9999,Other,Other
2015,430149,1,Light Truck - Utility,Front,0,No Rollover,Valid,Valid,Invalid,Not Applicable,No Speed Involved,Other Body Type,2007,Other,Other
2015,430150,1,Passenger Car,Front,0,No Rollover,Invalid,Invalid,Invalid,Not Applicable,No Speed Involved,Other Body Type,1992,Other,Other
2015,430150,2,Passenger Car,Rear,0,No Rollover,Invalid,Invalid,Invalid,Not Applicable,No Speed Involved,Other Body Type,1997,Other,Other
2015,430151,1,Passenger Car,Front,0,No Rollover,Valid,Valid,Invalid,Not Applicable,No Speed Involved,Other Body Type,2005,Other,Other
2015,430152,1,Passenger Car,Front,0,No Rollover,Valid,Valid,Invalid,Not Applicable,No Speed Involved,Other Body Type,2007,Other,Other
2015,430153,1,Other/Unknown,Right Side,0,No Rollover,Unknown,Unknown,Unknown,Not Applicable,No Speed Involved,Other Body Type,9999,Other,Other
2015,430153,2,Motorcycle,Left Side,0,No Rollover,Not Applicable,Valid,Invalid,Valid,No Speed Involved,Other Body Type,2004,Other,Other
2015,430154,1,Passenger Car,Right Side,0,No Rollover,Valid,Valid,Invalid,Not Applicable,No Speed Involved,Other Body Type,2008,Other,Other
2015,430155,1,Passenger Car,Right Side,0,No Rollover,Valid,Valid,Invalid,Not Applicable,No Speed Involved,Other Body Type,2009,Other,Other
2015,430156,1,Light Truck - Utility,Right Side,0,No Rollover,Valid,Valid,Invalid,Not Applicable,No Speed Involved,Other Body Type,2003,Other,Other
2015,430157,1,Motorcycle,Front,0,No Rollover,Not Applicable,Valid,Invalid,Valid,Speed Involved,Other Body Type,1987,Other,Other
2015,430158,1,Passenger Car,Right Side,0,No Rollover,Valid,Valid,Invalid,Not Applicable,No Speed Involved,Other Body Type,2003,Other,Other
2015,430159,1,Other/Unknown,Front,0,No Rollover,Unknown,Unknown,Unknown,Not Applicable,No Speed Involved,Other Body Type,9999,Other,Other
2015,430160,1,Passenger Car,Front,0,No Rollover,Valid,Valid,Invalid,Not Applicable,No Speed Involved,Other Body Type,2009,Other,Other
2015,430160,2,Passenger Car,Rear,0,No Rollover,Valid,Valid,Invalid,Not Applicable,No Speed Involved,Other Body Type,1988,Other,Other
2015,430161,1,Light Truck - Utility,Front,0,No Rollover,Valid,Valid,Invalid,Not Applicable,Speed Involved,Other Body Type,1995,Other,Other
2015,430162,1,Passenger Car,Right Side,0,No Rollover,Valid,Valid,Invalid,Not Applicable,No Speed Involved,Other Body Type,1997,Other,Other
2015,430163,1,Motorcycle,Front,0,No Rollover,Not Applicable,Valid,Invalid,Valid,Speed Involved,Other Body Type,2006,Other,Other
2015,430164,1,Passenger Car,Left Side,0,No Rollover,Valid,Valid,Invalid,Not Applicable,No Speed Involved,Other Body Type,2006,Other,Other
2015,430164,2,Light Truck - Utility,Front,0,No Rollover,Valid,Valid,Invalid,Not Applicable,No Speed Involved,Other Body Type,2002,Other,Other
2015,430165,1,Passenger Car,Right Side,0,No Rollover,Valid,Valid,Invalid,Not Applicable,Speed Involved,Other Body Type,2007,Other,Other
2015,430166,1,Light Truck - Utility,Right Side,0,No Rollover,Valid,Valid,Invalid,Not Applicable,No Speed Involved,Other Body Type,2005,Other,Other
2015,430167,1,Light Truck - Utility,Front,0,No Rollover,Valid,Valid,Invalid,Not Applicable,No Speed Involved,Other Body Type,1994,Other,Other
2015,430168,1,Passenger Car,Front,0,No Rollover,Valid,Valid,Invalid,Not Applicable,Speed Involved,Other Body Type,2010,Other,Other
2015,430169,1,Motorcycle,Front,0,No Rollover,Not Applicable,Valid,Invalid,Valid,No Speed Involved,Other Body Type,2008,Other,Other
2015,430169,2,Passenger Car,Front,0,No Rollover,Invalid,Invalid,Invalid,Not Applicable,No Speed Involved,Other Body Type,2012,Other,Other
2015,430170,1,Passenger Car,Front,0,No Rollover,Valid,Valid,Invalid,Not Applicable,No Speed Involved,Other Body Type,2008,Other,Other
2015,430171,1,Light Truck - Pickup,Front,0,No Rollover,Valid,Valid,Invalid,Not Applicable,No Speed Involved,Other Body Type,2005,Other,Other
2015,430172,1,Passenger Car,Front,0,No Rollover,Valid,Valid,Invalid,Not Applicable,Speed Involved,Other Body Type,1993,Other,Other
2015,430173,1,Passenger Car,Front,0,No Rollover,Valid,Valid,Invalid,Not Applicable,No Speed Involved,Other Body Type,2012,Other,Other
2015,430173,2,Passenger Car,Rear,0,No Rollover,Valid,Valid,Invalid,Not Applicable,No Speed Involved,Other Body Type,1990,Other,Other
2015,430174,1,Motorcycle,Front,0,No Rollover,Not Applicable,Valid,Invalid,Valid,No Speed Involved,Other Body Type,2001,Other,Other
2015,430175,1,Passenger Car,Front,0,No Rollover,Valid,Valid,Invalid,Not Applicable,No Speed Involved,Other Body Type,2008,Other,Other
2015,430176,1,Light Truck - Pickup,Front,0,No Rollover,Valid,Valid,Invalid,Not Applicable,Speed Involved,Other Body Type,2006,Other,Other
2015,430176,2,Passenger Car,Front,0,No Rollover,Valid,Valid,Invalid,Not Applicable,No Speed Involved,Other Body Type,2015,Other,Other
2015,430176,3,Light Truck - Utility,Front,0,No Rollover,Valid,Valid,Invalid,Not Applicable,No Speed Involved,Other Body Type,2005,Other,Other
2015,430177,1,Passenger Car,Front,0,No Rollover,Valid,Valid,Invalid,Not Applicable,No Speed Involved,Other Body Type,1999,Other,Other
2015,430178,1,Passenger Car,Left Side,0,No Rollover,Valid,Valid,Invalid,Not Applicable,No Speed Involved,Other Body Type,1999,Other,Other
2015,430178,2,Passenger Car,Front,0,No Rollover,Valid,Valid,Invalid,Not Applicable,No Speed Involved,Other Body Type,2014,Other,Other
2015,430179,1,Passenger Car,Front,0,No Rollover,Valid,Valid,Invalid,Not Applicable,Speed Involved,Other Body Type,2009,Other,Other
2015,430179,2,Passenger Car,Front,0,No Rollover,Valid,Valid,Invalid,Not Applicable,No Speed Involved,Other Body Type,2005,Other,Other
2015,430180,1,Light Truck - Pickup,Front,0,No Rollover,Valid,Valid,Invalid,Not Applicable,No Speed Involved,Other Body Type,1994,Other,Other
2015,430181,1,Passenger Car,Rear,0,No Rollover,Valid,Valid,Invalid,Not Applicable,Speed Involved,Other Body Type,2003,Other,Other
2015,430181,2,Passenger Car,Front,0,No Rollover,Valid,Valid,Invalid,Not Applicable,No Speed Involved,Other Body Type,2015,Other,Other
2015,430182,1,Passenger Car,Right Side,0,No Rollover,Unknown,Unknown,Unknown,Not Applicable,Speed Involved,Other Body Type,2012,Other,Other
2015,430182,2,Large Truck,Left Side,0,No Rollover,Valid,Valid,Invalid,Not Applicable,No Speed Involved,Other Body Type,2008,Other,Other
2015,430182,3,Passenger Car,Right Side,0,No Rollover,Valid,Valid,Invalid,Not Applicable,No Speed Involved,Other Body Type,1994,Other,Other
2015,430182,4,Light Truck - Utility,Front,0,No Rollover,Valid,Valid,Invalid,Not Applicable,No Speed Involved,Other Body Type,2012,Other,Other
2015,430182,5,Light Truck - Utility,Front,0,No Rollover,Valid,Valid,Invalid,Not Applicable,No Speed Involved,Other Body Type,2003,Other,Other
2015,430183,1,Light Truck - Utility,Front,0,No Rollover,Valid,Valid,Invalid,Not Applicable,No Speed Involved,Other Body Type,2001,Other,Other
2015,430184,1,Large Truck,Rear,0,No Rollover,Valid,Valid,Invalid,Not Applicable,No Speed Involved,Other Body Type,2009,Other,Other
2015,430185,1,Light Truck - Pickup,Front,0,No Rollover,Valid,Valid,Invalid,Not Applicable,Speed Involved,Other Body Type,2014,Other,Other
2015,430185,2,Passenger Car,Rear,0,No Rollover,Valid,Valid,Invalid,Not Applicable,No Speed Involved,Other Body Type,1995,Other,Other
2015,430186,1,Passenger Car,Left Side,0,No Rollover,Valid,Valid,Invalid,Not Applicable,No Speed Involved,Other Body Type,2009,Other,Other
2015,430186,2,Motorcycle,Front,0,No Rollover,Not Applicable,Valid,Invalid,Valid,No Speed Involved,Other Body Type,2003,Other,Other
2015,430187,1,Light Truck - Pickup,Front,0,No Rollover,Valid,Valid,Invalid,Not Applicable,No Speed Involved,Other Body Type,2004,Other,Other
2015,430188,1,Light Truck - Pickup,Front,0,No Rollover,Valid,Valid,Invalid,Not Applicable,No Speed Involved,Other Body Type,2002,Other,Other
2015,430189,1,Passenger Car,Front,0,No Rollover,Valid,Valid,Invalid,Not Applicable,No Speed Involved,Other Body Type,1986,Other,Other
2015,430189,2,Passenger Car,Front,0,No Rollover,Valid,Valid,Invalid,Not Applicable,No Speed Involved,Other Body Type,2007,Other,Other
2015,430190,1,Passenger Car,Right Side,0,No Rollover,Valid,Valid,Invalid,Not Applicable,No Speed Involved,Other Body Type,2011,Other,Other
2015,430191,1,Other/Unknown,Front,0,No Rollover,Unknown,Unknown,Unknown,Not Applicable,No Speed Involved,Other Body Type,9999,Other,Other
2015,430192,1,Passenger Car,Front,0,No Rollover,Valid,Valid,Invalid,Not Applicable,No Speed Involved,Other Body Type,2015,Other,Other
2015,430193,1,Motorcycle,Non-Collision,0,No Rollover,Not Applicable,Valid,Invalid,Valid,Speed Involved,Other Body Type,2006,Other,Other
2015,430194,1,Passenger Car,Right Side,0,No Rollover,Invalid,Invalid,Invalid,Not Applicable,Speed Involved,Other Body Type,2010,Other,Other
2015,430195,1,Passenger Car,Right Side,0,No Rollover,Valid,Valid,Invalid,Not Applicable,No Speed Involved,Other Body Type,1995,Other,Other
2015,430195,2,Motorcycle,Front,0,No Rollover,Not Applicable,Valid,Invalid,Valid,No Speed Involved,Other Body Type,2002,Other,Other
2015,430196,1,Passenger Car,Front,0,No Rollover,Valid,Valid,Invalid,Not Applicable,No Speed Involved,Other Body Type,2001,Other,Other
2015,430197,1,Light Truck - Utility,Non-Collision,0,Rollover,Valid,Valid,Invalid,Not Applicable,Speed Involved,Other Body Type,1996,Other,Other
2015,430198,1,Passenger Car,Front,0,No Rollover,Valid,Valid,Invalid,Not Applicable,No Speed Involved,Other Body Type,2013,Other,Other
2015,430199,1,Passenger Car,Left Side,0,No Rollover,Valid,Valid,Invalid,Not Applicable,No Speed Involved,Other Body Type,2010,Other,Other
2015,430199,2,Motorcycle,Front,0,No Rollover,Not Applicable,Valid,Invalid,Valid,No Speed Involved,Other Body Type,2006,Other,Other
2015,430200,1,Passenger Car,Front,0,Rollover,Valid,Valid,Invalid,Not Applicable,Speed Involved,Other Body Type,2003,Other,Other
2015,430201,1,Passenger Car,Front,0,No Rollover,Valid,Valid,Invalid,Not Applicable,No Speed Involved,Other Body Type,2013,Other,Other
2015,430201,2,Light Truck - Pickup,Front,0,No Rollover,Invalid,Invalid,Invalid,Not Applicable,No Speed Involved,Other Body Type,1998,Other,Other
2015,430202,1,Passenger Car,Right Side,0,No Rollover,Valid,Valid,Invalid,Not Applicable,Speed Involved,Other Body Type,2008,Other,Other
2015,430203,1,Other/Unknown,Front,0,No Rollover,Unknown,Unknown,Unknown,Not Applicable,No Speed Involved,Other Body Type,9999,Other,Other
2015,430204,1,Passenger Car,Non-Collision,0,Rollover,Valid,Valid,Invalid,Not Applicable,Speed Involved,Other Body Type,1986,Other,Other
2015,430205,1,Light Truck - Pickup,Front,0,No Rollover,Valid,Valid,Invalid,Not Applicable,Speed Involved,Other Body Type,1999,Other,Other
2015,430206,1,Light Truck - Pickup,Front,0,No Rollover,Valid,Valid,Invalid,Not Applicable,Speed Involved,Other Body Type,1999,Other,Other
2015,430207,1,Other/Unknown,Front,0,No Rollover,Unknown,Unknown,Unknown,Not Applicable,No Speed Involved,Other Body Type,9999,Other,Other
2015,430208,1,Passenger Car,Right Side,0,No Rollover,Valid,Invalid,Invalid,Not Applicable,Speed Involved,Other Body Type,1999,Other,Other
2015,430209,1,Passenger Car,Front,0,No Rollover,Valid,Valid,Invalid,Not Applicable,No Speed Involved,Other Body Type,2014,Other,Other
2015,430209,2,Passenger Car,Left Side,0,No Rollover,Valid,Invalid,Invalid,Not Applicable,No Speed Involved,Other Body Type,2007,Other,Other
2015,430210,1,Light Truck - Utility,Front,0,No Rollover,Valid,Valid,Invalid,Not Applicable,No Speed Involved,Other Body Type,1999,Other,Other
2015,430212,1,Passenger Car,Front,0,No Rollover,Valid,Valid,Invalid,Not Applicable,No Speed Involved,Other Body Type,2007,Other,Other
2015,430212,2,Passenger Car,Front,0,No Rollover,Valid,Valid,Invalid,Not Applicable,No Speed Involved,Other Body Type,1977,Other,Other
2015,430214,1,Passenger Car,Front,0,No Rollover,Invalid,Invalid,Invalid,Not Applicable,Speed Involved,Other Body Type,1999,Other,Other
2015,430215,1,Passenger Car,Front,0,No Rollover,Valid,Valid,Invalid,Not Applicable,Speed Involved,Other Body Type,2000,Other,Other
2015,430215,2,Passenger Car,Rear,0,No Rollover,Valid,Valid,Invalid,Not Applicable,No Speed Involved,Other Body Type,1991,Other,Other
2015,430216,1,Motorcycle,Front,0,No Rollover,Not Applicable,Invalid,Invalid,Invalid,Speed Involved,Other Body Type,2001,Other,Other
2015,430216,2,Motorcycle,Left Side,0,No Rollover,Not Applicable,Valid,Invalid,Valid,No Speed Involved,Other Body Type,2007,Other,Other
2015,430217,1,Passenger Car,Front,0,No Rollover,Valid,Valid,Invalid,Not Applicable,Speed Involved,Other Body Type,2015,Other,Other
2015,430217,2,Light Truck - Pickup,Front,0,No Rollover,Valid,Valid,Invalid,Not Applicable,No Speed Involved,Other Body Type,2008,Other,Other
2015,430218,1,Passenger Car,Right Side,0,No Rollover,Valid,Valid,Invalid,Not Applicable,Speed Involved,Other Body Type,2011,Other,Other
2015,430219,1,Passenger Car,Front,0,No Rollover,Valid,Valid,Invalid,Not Applicable,No Speed Involved,Other Body Type,2010,Other,Other
2015,430220,1,Passenger Car,Front,0,No Rollover,Valid,Valid,Invalid,Not Applicable,No Speed Involved,Other Body Type,1999,Other,Other
2015,430221,1,Passenger Car,Left Side,0,No Rollover,Valid,Valid,Invalid,Not Applicable,No Speed Involved,Other Body Type,2009,Other,Other
2015,430221,2,Motorcycle,Front,0,No Rollover,Not Applicable,Valid,Invalid,Valid,No Speed Involved,Other Body Type,2004,Other,Other
2015,430222,1,Motorcycle,Front,0,No Rollover,Not Applicable,Invalid,Invalid,Invalid,No Speed Involved,Other Body Type,2008,Other,Other
2015,430222,2,Passenger Car,Left Side,0,No Rollover,Valid,Valid,Invalid,Not Applicable,No Speed Involved,Other Body Type,2006,Other,Other
2015,430223,1,Passenger Car,Front,0,No Rollover,Valid,Valid,Invalid,Not Applicable,Speed Involved,Other Body Type,2007,Other,Other
2015,430224,1,Passenger Car,Front,0,No Rollover,Invalid,Invalid,Invalid,Not Applicable,No Speed Involved,Other Body Type,2014,Other,Other
2015,430225,1,Light Truck - Pickup,Front,0,No Rollover,Valid,Valid,Invalid,Not Applicable,No Speed Involved,Other Body Type,2000,Other,Other
2015,430226,1,Passenger Car,Front,0,No Rollover,Valid,Valid,Invalid,Not Applicable,Speed Involved,Other Body Type,2005,Other,Other
2015,430227,1,Passenger Car,Front,0,No Rollover,Unknown,Unknown,Unknown,Not Applicable,No Speed Involved,Other Body Type,2015,Other,Other
2015,430228,1,Passenger Car,Left Side,0,No Rollover,Valid,Valid,Invalid,Not Applicable,No Speed Involved,Other Body Type,1984,Other,Other
2015,430228,2,Passenger Car,Front,0,No Rollover,Valid,Valid,Invalid,Not Applicable,No Speed Involved,Other Body Type,2012,Other,Other
2015,430229,1,Passenger Car,Rear,0,No Rollover,Valid,Valid,Invalid,Not Applicable,No Speed Involved,Other Body Type,2010,Other,Other
2015,430230,1,Passenger Car,Front,0,No Rollover,Valid,Valid,Invalid,Not Applicable,No Speed Involved,Other Body Type,2006,Other,Other
2015,430231,1,Motorcycle,Front,0,No Rollover,Not Applicable,Invalid,Invalid,Invalid,Speed Involved,Other Body Type,2005,Other,Other
2015,430231,2,Light Truck - Utility,Rear,0,No Rollover,Valid,Valid,Invalid,Not Applicable,No Speed Involved,Other Body Type,2004,Other,Other
2015,430232,1,Passenger Car,Front,0,No Rollover,Valid,Valid,Invalid,Not Applicable,No Speed Involved,Other Body Type,2001,Other,Other
2015,430233,1,Passenger Car,Front,0,No Rollover,Valid,Valid,Invalid,Not Applicable,No Speed Involved,Other Body Type,2010,Other,Other
2015,430233,2,Passenger Car,Rear,0,No Rollover,Valid,Valid,Invalid,Not Applicable,No Speed Involved,Other Body Type,2004,Other,Other
2015,430234,1,Passenger Car,Right Side,0,Rollover,Valid,Valid,Invalid,Not Applicable,Speed Involved,Other Body Type,1998,Other,Other
2015,430234,2,Passenger Car,Front,0,No Rollover,Valid,Valid,Invalid,Not Applicable,No Speed Involved,Other Body Type,2002,Other,Other
2015,430235,1,Light Truck - Pickup,Front,0,No Rollover,Valid,Valid,Invalid,Not Applicable,No Speed Involved,Other Body Type,2006,Other,Other
2015,430236,1,Light Truck - Utility,Front,0,No Rollover,Valid,Valid,Invalid,Not Applicable,No Speed Involved,Other Body Type,2008,Other,Other
2015,430237,1,Passenger Car,Front,0,No Rollover,Valid,Valid,Invalid,Not Applicable,No Speed Involved,Other Body Type,1997,Other,Other
2015,430237,2,Passenger Car,Rear,0,No Rollover,Valid,Valid,Invalid,Not Applicable,No Speed Involved,Other Body Type,2006,Other,Other
2015,430237,3,Light Truck - Utility,Rear,0,No Rollover,Valid,Valid,Invalid,Not Applicable,No Speed Involved,Other Body Type,2003,Other,Other
2015,430237,4,Large Truck,Right Side,0,No Rollover,Valid,Valid,Invalid,Not Applicable,No Speed Involved,Other Body Type,2003,Other,Other
2015,430238,1,Light Truck - Utility,Front,0,No Rollover,Valid,Valid,Invalid,Not Applicable,No Speed Involved,Other Body Type,1998,Other,Other
2015,430239,1,Passenger Car,Front,0,No Rollover,Valid,Valid,Invalid,Not Applicable,No Speed Involved,Other Body Type,2013,Other,Other
2015,430240,1,Passenger Car,Front,0,No Rollover,Valid,Valid,Invalid,Not Applicable,No Speed Involved,Other Body Type,2002,Other,Other
2015,430241,1,Passenger Car,Front,0,No Rollover,Valid,Valid,Invalid,Not Applicable,No Speed Involved,Other Body Type,2007,Other,Other
2015,430242,1,Light Truck - Utility,Front,0,Rollover,Invalid,Invalid,Invalid,Not Applicable,No Speed Involved,Other Body Type,2003,Other,Other
2015,430242,2,Passenger Car,Front,0,No Rollover,Valid,Invalid,Invalid,Not Applicable,No Speed Involved,Other Body Type,2000,Other,Other
2015,430243,1,Light Truck - Van,Left Side,0,No Rollover,Valid,Valid,Invalid,Not Applicable,No Speed Involved,Other Body Type,2005,Other,Other
2015,430243,2,Bus,Right Side,0,No Rollover,Valid,Valid,Invalid,Not Applicable,No Speed Involved,Other Body Type,2000,Other,Other
2015,430244,1,Passenger Car,Front,0,No Rollover,Valid,Valid,Invalid,Not Applicable,Speed Involved,Other Body Type,2002,Other,Other
2015,430245,1,Passenger Car,Front,0,No Rollover,Valid,Valid,Invalid,Not Applicable,Speed Involved,Other Body Type,2011,Other,Other
2015,430246,1,Light Truck - Utility,Front,0,No Rollover,Valid,Valid,Invalid,Not Applicable,No Speed Involved,Other Body Type,2002,Other,Other
2015,430247,1,Motorcycle,Front,0,No Rollover,Not Applicable,Valid,Invalid,Valid,Speed Involved,Other Body Type,2005,Other,Other
2015,430247,2,Passenger Car,Rear,0,No Rollover,Valid,Valid,Invalid,Not Applicable,No Speed Involved,Other Body Type,2000,Other,Other
2015,430248,1,Passenger Car,Right Side,0,No Rollover,Valid,Valid,Invalid,Not Applicable,No Speed Involved,Other Body Type,2008,Other,Other
2015,430248,2,Passenger Car,Front,0,No Rollover,Valid,Valid,Invalid,Not Applicable,No Speed Involved,Other Body Type,2015,Other,Other
2015,430249,1,Passenger Car,Front,0,No Rollover,Valid,Valid,Invalid,Not Applicable,No Speed Involved,Other Body Type,2016,Other,Other
2015,430249,2,Light Truck - Utility,Front,0,No Rollover,Valid,Valid,Invalid,Not Applicable,No Speed Involved,Other Body Type,2002,Other,Other
2015,430250,1,Passenger Car,Front,0,No Rollover,Valid,Valid,Invalid,Not Applicable,No Speed Involved,Other Body Type,1986,Other,Other
2015,430251,1,Passenger Car,Front,0,No Rollover,Valid,Valid,Invalid,Not Applicable,Speed Involved,Other Body Type,2010,Other,Other
2015,430252,1,Passenger Car,Non-Collision,0,Rollover,Valid,Valid,Invalid,Not Applicable,No Speed Involved,Other Body Type,2005,Other,Other
2015,430253,1,Passenger Car,Front,0,No Rollover,Valid,Valid,Invalid,Not Applicable,Speed Involved,Other Body Type,2009,Other,Other
2015,430254,1,Passenger Car,Non-Collision,0,Rollover,Valid,Valid,Invalid,Not Applicable,Speed Involved,Other Body Type,1981,Other,Other
2015,430255,1,Motorcycle,Front,0,No Rollover,Not Applicable,Valid,Invalid,Valid,No Speed Involved,Other Body Type,2006,Other,Other
2015,430255,2,Motorcycle,Rear,0,No Rollover,Not Applicable,Valid,Invalid,Valid,No Speed Involved,Other Body Type,2007,Other,Other
2015,430256,1,Passenger Car,Left Side,0,Rollover,Valid,Invalid,Invalid,Not Applicable,Speed Involved,Other Body Type,2005,Other,Other
2015,430257,1,Passenger Car,Front,0,No Rollover,Valid,Valid,Invalid,Not Applicable,No Speed Involved,Other Body Type,2009,Other,Other
2015,430258,1,Light Truck - Pickup,Front,0,No Rollover,Valid,Valid,Invalid,Not Applicable,No Speed Involved,Other Body Type,1988,Other,Other
2015,430258,2,Passenger Car,Front,0,No Rollover,Valid,Valid,Invalid,Not Applicable,No Speed Involved,Other Body Type,2013,Other,Other
2015,430259,1,Passenger Car,Front,0,Rollover,Invalid,Invalid,Invalid,Not Applicable,Speed Involved,Other Body Type,1992,Other,Other
2015,430260,1,Passenger Car,Front,0,No Rollover,Valid,Valid,Invalid,Not Applicable,Speed Involved,Other Body Type,2009,Other,Other
2015,430260,2,Passenger Car,Rear,0,No Rollover,Valid,Valid,Invalid,Not Applicable,No Speed Involved,Other Body Type,1994,Other,Other
2015,430261,1,Passenger Car,Front,0,No Rollover,Valid,Valid,Invalid,Not Applicable,No Speed Involved,Other Body Type,2006,Other,Other
2015,430261,2,Passenger Car,Front,0,No Rollover,Invalid,Invalid,Invalid,Not Applicable,No Speed Involved,Other Body Type,1996,Other,Other
2015,430262,1,Passenger Car,Front,0,No Rollover,Valid,Valid,Invalid,Not Applicable,No Speed Involved,Other Body Type,2002,Other,Other
2015,430263,1,Passenger Car,Front,0,No Rollover,Valid,Valid,Invalid,Not Applicable,Speed Involved,Other Body Type,2000,Other,Other
2015,430264,1,Light Truck - Pickup,Front,0,No Rollover,Valid,Valid,Invalid,Not Applicable,No Speed Involved,Other Body Type,2005,Other,Other
2015,430265,1,Passenger Car,Front,0,No Rollover,Valid,Valid,Invalid,Not Applicable,No Speed Involved,Other Body Type,2005,Other,Other
2015,430266,1,Passenger Car,Front,0,No Rollover,Valid,Valid,Invalid,Not Applicable,Speed Involved,Other Body Type,2013,Other,Other
2015,430266,2,Light Truck - Utility,Front,0,No Rollover,Valid,Valid,Invalid,Not Applicable,No Speed Involved,Other Body Type,2012,Other,Other
2015,430267,1,Passenger Car,Front,0,No Rollover,Invalid,Invalid,Invalid,Not Applicable,Speed Involved,Other Body Type,1996,Other,Other
2015,430268,1,Passenger Car,Right Side,0,No Rollover,Valid,Valid,Invalid,Not Applicable,Speed Involved,Other Body Type,2007,Other,Other
2015,430269,1,Motorcycle,Rear,0,No Rollover,Not Applicable,Valid,Invalid,Valid,Speed Involved,Other Body Type,2014,Other,Other
2015,430269,2,Passenger Car,Rear,0,No Rollover,Valid,Valid,Invalid,Not Applicable,No Speed Involved,Other Body Type,1995,Other,Other
2015,430269,3,Passenger Car,Rear,0,No Rollover,Valid,Valid,Invalid,Not Applicable,No Speed Involved,Other Body Type,2000,Other,Other
2015,430270,1,Light Truck - Pickup,Front,0,No Rollover,Valid,Valid,Invalid,Not Applicable,No Speed Involved,Other Body Type,2013,Other,Other
2015,430271,1,Passenger Car,Right Side,0,No Rollover,Valid,Valid,Invalid,Not Applicable,Speed Involved,Other Body Type,2004,Other,Other
2015,430272,1,Passenger Car,Left Side,0,No Rollover,Invalid,Invalid,Invalid,Not Applicable,Speed Involved,Other Body Type,2012,Other,Other
2015,430273,1,Passenger Car,Front,0,No Rollover,Valid,Valid,Invalid,Not Applicable,No Speed Involved,Other Body Type,1997,Other,Other
2015,430274,1,Passenger Car,Non-Collision,0,No Rollover,Valid,Valid,Invalid,Not Applicable,No Speed Involved,Other Body Type,1993,Other,Other
2015,430275,1,Passenger Car,Front,0,No Rollover,Valid,Valid,Invalid,Not Applicable,No Speed Involved,Other Body Type,2010,Other,Other
2015,430275,2,Motorcycle,Rear,0,No Rollover,Not Applicable,Valid,Invalid,Valid,No Speed Involved,Other Body Type,2003,Other,Other
2015,430276,1,Motorcycle,Non-Collision,0,No Rollover,Not Applicable,Valid,Invalid,Valid,Speed Involved,Other Body Type,2006,Other,Other
2015,430277,1,Passenger Car,Front,0,No Rollover,Valid,Valid,Invalid,Not Applicable,No Speed Involved,Other Body Type,2009,Other,Other
2015,430278,1,Passenger Car,Front,0,No Rollover,Valid,Valid,Invalid,Not Applicable,No Speed Involved,Other Body Type,2008,Other,Other
2015,430279,1,Passenger Car,Left Side,0,No Rollover,Valid,Invalid,Invalid,Not Applicable,No Speed Involved,Other Body Type,2010,Other,Other
2015,430280,1,Light Truck - Utility,Front,0,No Rollover,Valid,Valid,Invalid,Not Applicable,No Speed Involved,Other Body Type,2004,Other,Other
2015,430281,1,Passenger Car,Front,0,No Rollover,Valid,Valid,Invalid,Not Applicable,No Speed Involved,Other Body Type,2007,Other,Other
2015,430282,1,Light Truck - Utility,Front,0,No Rollover,Valid,Valid,Invalid,Not Applicable,No Speed Involved,Other Body Type,2014,Other,Other
2015,430283,1,Motorcycle,Front,0,No Rollover,Not Applicable,Invalid,Invalid,Invalid,No Speed Involved,Other Body Type,2003,Other,Other
2015,430283,2,Large Truck,Front,0,No Rollover,Valid,Valid,Invalid,Not Applicable,No Speed Involved,Other Body Type,2006,Other,Other
2015,430284,1,Large Truck,Front,0,No Rollover,Valid,Valid,Invalid,Not Applicable,No Speed Involved,Other Body Type,1993,Other,Other
2015,430285,1,Passenger Car,Front,0,No Rollover,Valid,Valid,Invalid,Not Applicable,Speed Involved,Other Body Type,2012,Other,Other
2015,430286,1,Passenger Car,Non-Collision,0,No Rollover,Valid,Valid,Invalid,Not Applicable,No Speed Involved,Other Body Type,2001,Other,Other
2015,430287,1,Passenger Car,Right Side,0,No Rollover,Valid,Valid,Invalid,Not Applicable,Speed Involved,Other Body Type,1995,Other,Other
2015,430288,1,Light Truck - Pickup,Front,0,No Rollover,Valid,Valid,Invalid,Not Applicable,No Speed Involved,Other Body Type,1994,Other,Other
2015,430289,1,Passenger Car,Front,0,No Rollover,Valid,Valid,Invalid,Not Applicable,Speed Involved,Other Body Type,2011,Other,Other
2015,430290,1,Motorcycle,Front,0,No Rollover,Not Applicable,Valid,Invalid,Valid,No Speed Involved,Other Body Type,2012,Other,Other
2015,430290,2,Passenger Car,Left Side,0,No Rollover,Valid,Valid,Invalid,Not Applicable,No Speed Involved,Other Body Type,2012,Other,Other
2015,430291,1,Light Truck - Pickup,Front,0,No Rollover,Invalid,Invalid,Invalid,Not Applicable,No Speed Involved,Other Body Type,1998,Other,Other
2015,430291,2,Passenger Car,Front,0,No Rollover,Valid,Valid,Invalid,Not Applicable,No Speed Involved,Other Body Type,1983,Other,Other
2015,430292,1,Light Truck - Pickup,Front,0,No Rollover,Valid,Valid,Invalid,Not Applicable,No Speed Involved,Other Body Type,1998,Other,Other
2015,430293,1,Motorcycle,Left Side,0,No Rollover,Not Applicable,Valid,Invalid,Valid,Speed Involved,Other Body Type,2005,Other,Other
2015,430293,2,Light Truck - Utility,Front,0,No Rollover,Valid,Valid,Invalid,Not Applicable,No Speed Involved,Other Body Type,1990,Other,Other
2015,430294,1,Passenger Car,Front,0,Rollover,Valid,Valid,Invalid,Not Applicable,No Speed Involved,Other Body Type,2003,Other,Other
2015,430295,1,Passenger Car,Right Side,0,No Rollover,Valid,Valid,Invalid,Not Applicable,No Speed Involved,Other Body Type,2010,Other,Other
2015,430296,1,Other/Unknown,Front,0,No Rollover,Unknown,Unknown,Unknown,Not Applicable,No Speed Involved,Other Body Type,9999,Other,Other
2015,430297,1,Passenger Car,Non-Collision,0,No Rollover,Unknown,Unknown,Unknown,Not Applicable,No Speed Involved,Other Body Type,2003,Other,Other
2015,430298,1,Other/Unknown,Front,0,No Rollover,Unknown,Unknown,Unknown,Not Applicable,No Speed Involved,Other Body Type,9999,Other,Other
2015,430299,1,Passenger Car,Front,0,No Rollover,Valid,Valid,Invalid,Not Applicable,No Speed Involved,Other Body Type,1995,Other,Other
2015,430299,2,Large Truck,Rear,0,No Rollover,Valid,Valid,Invalid,Not Applicable,No Speed Involved,Other Body Type,1993,Other,Other
2015,430300,1,Passenger Car,Front,0,No Rollover,Valid,Valid,Invalid,Not Applicable,Speed Involved,Other Body Type,2008,Other,Other
2015,430300,2,Large Truck,Rear,0,No Rollover,Valid,Valid,Invalid,Not Applicable,No Speed Involved,Other Body Type,1978,Other,Other
2015,430301,1,Motorcycle,Non-Collision,0,No Rollover,Not Applicable,Invalid,Invalid,Invalid,Speed Involved,Other Body Type,2004,Other,Other
